hqc,source_dir,run,metric,metric_label,us
128,results/fastrpc_overhead_current_cloud2/20260530_121427_hqc128,run1,open_close,open-close,54576.043
128,results/fastrpc_overhead_current_cloud2/20260530_121427_hqc128,run1,ping,ping,538.887
128,results/fastrpc_overhead_current_cloud2/20260530_121427_hqc128,run1,payload_in_malloc,payload-in malloc,577.159
128,results/fastrpc_overhead_current_cloud2/20260530_121427_hqc128,run1,payload_out_malloc,payload-out malloc,552.004
128,results/fastrpc_overhead_current_cloud2/20260530_121427_hqc128,run1,payload_inout_malloc,payload-inout malloc,575.129
128,results/fastrpc_overhead_current_cloud2/20260530_121427_hqc128,run1,payload_in_rpcmem-cached,payload-in rpcmem-cached,566.042
128,results/fastrpc_overhead_current_cloud2/20260530_121427_hqc128,run1,payload_out_rpcmem-cached,payload-out rpcmem-cached,561.136
128,results/fastrpc_overhead_current_cloud2/20260530_121427_hqc128,run1,payload_inout_rpcmem-cached,payload-inout rpcmem-cached,581.761
128,results/fastrpc_overhead_current_cloud2/20260530_121427_hqc128,run1,payload_in_rpcmem-uncached,payload-in rpcmem-uncached,598.247
128,results/fastrpc_overhead_current_cloud2/20260530_121427_hqc128,run1,payload_out_rpcmem-uncached,payload-out rpcmem-uncached,568.468
128,results/fastrpc_overhead_current_cloud2/20260530_121427_hqc128,run1,payload_inout_rpcmem-uncached,payload-inout rpcmem-uncached,600.613
128,results/fastrpc_overhead_current_cloud2/20260530_121427_hqc128,run1,decode_one,decode-one,578.359
128,results/fastrpc_overhead_current_cloud2/20260530_121427_hqc128,run1,bench,bench batched decode,39.244
128,results/fastrpc_overhead_current_cloud2/20260530_121427_hqc128,run2,open_close,open-close,51839.332
128,results/fastrpc_overhead_current_cloud2/20260530_121427_hqc128,run2,ping,ping,558.822
128,results/fastrpc_overhead_current_cloud2/20260530_121427_hqc128,run2,payload_in_malloc,payload-in malloc,573.161
128,results/fastrpc_overhead_current_cloud2/20260530_121427_hqc128,run2,payload_out_malloc,payload-out malloc,551.032
128,results/fastrpc_overhead_current_cloud2/20260530_121427_hqc128,run2,payload_inout_malloc,payload-inout malloc,571.827
128,results/fastrpc_overhead_current_cloud2/20260530_121427_hqc128,run2,payload_in_rpcmem-cached,payload-in rpcmem-cached,571.528
128,results/fastrpc_overhead_current_cloud2/20260530_121427_hqc128,run2,payload_out_rpcmem-cached,payload-out rpcmem-cached,556.782
128,results/fastrpc_overhead_current_cloud2/20260530_121427_hqc128,run2,payload_inout_rpcmem-cached,payload-inout rpcmem-cached,577.565
128,results/fastrpc_overhead_current_cloud2/20260530_121427_hqc128,run2,payload_in_rpcmem-uncached,payload-in rpcmem-uncached,590.235
128,results/fastrpc_overhead_current_cloud2/20260530_121427_hqc128,run2,payload_out_rpcmem-uncached,payload-out rpcmem-uncached,573.339
128,results/fastrpc_overhead_current_cloud2/20260530_121427_hqc128,run2,payload_inout_rpcmem-uncached,payload-inout rpcmem-uncached,590.781
128,results/fastrpc_overhead_current_cloud2/20260530_121427_hqc128,run2,decode_one,decode-one,608.466
128,results/fastrpc_overhead_current_cloud2/20260530_121427_hqc128,run2,bench,bench batched decode,39.165
128,results/fastrpc_overhead_current_cloud2/20260530_121427_hqc128,run3,open_close,open-close,51412.552
128,results/fastrpc_overhead_current_cloud2/20260530_121427_hqc128,run3,ping,ping,554.909
128,results/fastrpc_overhead_current_cloud2/20260530_121427_hqc128,run3,payload_in_malloc,payload-in malloc,574.758
128,results/fastrpc_overhead_current_cloud2/20260530_121427_hqc128,run3,payload_out_malloc,payload-out malloc,556.664
128,results/fastrpc_overhead_current_cloud2/20260530_121427_hqc128,run3,payload_inout_malloc,payload-inout malloc,565.785
128,results/fastrpc_overhead_current_cloud2/20260530_121427_hqc128,run3,payload_in_rpcmem-cached,payload-in rpcmem-cached,580.296
128,results/fastrpc_overhead_current_cloud2/20260530_121427_hqc128,run3,payload_out_rpcmem-cached,payload-out rpcmem-cached,556.811
128,results/fastrpc_overhead_current_cloud2/20260530_121427_hqc128,run3,payload_inout_rpcmem-cached,payload-inout rpcmem-cached,578.258
128,results/fastrpc_overhead_current_cloud2/20260530_121427_hqc128,run3,payload_in_rpcmem-uncached,payload-in rpcmem-uncached,593.027
128,results/fastrpc_overhead_current_cloud2/20260530_121427_hqc128,run3,payload_out_rpcmem-uncached,payload-out rpcmem-uncached,570.476
128,results/fastrpc_overhead_current_cloud2/20260530_121427_hqc128,run3,payload_inout_rpcmem-uncached,payload-inout rpcmem-uncached,602.222
128,results/fastrpc_overhead_current_cloud2/20260530_121427_hqc128,run3,decode_one,decode-one,586.435
128,results/fastrpc_overhead_current_cloud2/20260530_121427_hqc128,run3,bench,bench batched decode,39.203
128,results/fastrpc_overhead_current_cloud2_chunks/20260530_121955_hqc128,run1,open_close,open-close,52625.325
128,results/fastrpc_overhead_current_cloud2_chunks/20260530_121955_hqc128,run1,ping,ping,558.128
128,results/fastrpc_overhead_current_cloud2_chunks/20260530_121955_hqc128,run1,payload_in_malloc,payload-in malloc,558.811
128,results/fastrpc_overhead_current_cloud2_chunks/20260530_121955_hqc128,run1,payload_out_malloc,payload-out malloc,546.05
128,results/fastrpc_overhead_current_cloud2_chunks/20260530_121955_hqc128,run1,payload_inout_malloc,payload-inout malloc,568.898
128,results/fastrpc_overhead_current_cloud2_chunks/20260530_121955_hqc128,run1,payload_in_rpcmem-cached,payload-in rpcmem-cached,578.102
128,results/fastrpc_overhead_current_cloud2_chunks/20260530_121955_hqc128,run1,payload_out_rpcmem-cached,payload-out rpcmem-cached,550.775
128,results/fastrpc_overhead_current_cloud2_chunks/20260530_121955_hqc128,run1,payload_inout_rpcmem-cached,payload-inout rpcmem-cached,577.819
128,results/fastrpc_overhead_current_cloud2_chunks/20260530_121955_hqc128,run1,payload_in_rpcmem-uncached,payload-in rpcmem-uncached,588.771
128,results/fastrpc_overhead_current_cloud2_chunks/20260530_121955_hqc128,run1,payload_out_rpcmem-uncached,payload-out rpcmem-uncached,574.73
128,results/fastrpc_overhead_current_cloud2_chunks/20260530_121955_hqc128,run1,payload_inout_rpcmem-uncached,payload-inout rpcmem-uncached,605.643
128,results/fastrpc_overhead_current_cloud2_chunks/20260530_121955_hqc128,run1,decode_one,decode-one,593.886
128,results/fastrpc_overhead_current_cloud2_chunks/20260530_121955_hqc128,run1,bench,bench batched decode,39.185
128,results/fastrpc_overhead_current_cloud2_chunks/20260530_122144_hqc128,run1,open_close,open-close,52234.075
128,results/fastrpc_overhead_current_cloud2_chunks/20260530_122144_hqc128,run1,ping,ping,553.275
128,results/fastrpc_overhead_current_cloud2_chunks/20260530_122144_hqc128,run1,payload_in_malloc,payload-in malloc,576.671
128,results/fastrpc_overhead_current_cloud2_chunks/20260530_122144_hqc128,run1,payload_out_malloc,payload-out malloc,550.168
128,results/fastrpc_overhead_current_cloud2_chunks/20260530_122144_hqc128,run1,payload_inout_malloc,payload-inout malloc,583.773
128,results/fastrpc_overhead_current_cloud2_chunks/20260530_122144_hqc128,run1,payload_in_rpcmem-cached,payload-in rpcmem-cached,579.499
128,results/fastrpc_overhead_current_cloud2_chunks/20260530_122144_hqc128,run1,payload_out_rpcmem-cached,payload-out rpcmem-cached,548.778
128,results/fastrpc_overhead_current_cloud2_chunks/20260530_122144_hqc128,run1,payload_inout_rpcmem-cached,payload-inout rpcmem-cached,569.372
128,results/fastrpc_overhead_current_cloud2_chunks/20260530_122144_hqc128,run1,payload_in_rpcmem-uncached,payload-in rpcmem-uncached,602.344
128,results/fastrpc_overhead_current_cloud2_chunks/20260530_122144_hqc128,run1,payload_out_rpcmem-uncached,payload-out rpcmem-uncached,564.595
128,results/fastrpc_overhead_current_cloud2_chunks/20260530_122144_hqc128,run1,payload_inout_rpcmem-uncached,payload-inout rpcmem-uncached,613.463
128,results/fastrpc_overhead_current_cloud2_chunks/20260530_122144_hqc128,run1,decode_one,decode-one,586.054
128,results/fastrpc_overhead_current_cloud2_chunks/20260530_122144_hqc128,run1,bench,bench batched decode,39.228
192,results/fastrpc_overhead_current_cloud2_chunks/20260530_122335_hqc192,run1,open_close,open-close,54355.364
192,results/fastrpc_overhead_current_cloud2_chunks/20260530_122335_hqc192,run1,ping,ping,554.287
192,results/fastrpc_overhead_current_cloud2_chunks/20260530_122335_hqc192,run1,payload_in_malloc,payload-in malloc,587.505
192,results/fastrpc_overhead_current_cloud2_chunks/20260530_122335_hqc192,run1,payload_out_malloc,payload-out malloc,550.086
192,results/fastrpc_overhead_current_cloud2_chunks/20260530_122335_hqc192,run1,payload_inout_malloc,payload-inout malloc,597.927
192,results/fastrpc_overhead_current_cloud2_chunks/20260530_122335_hqc192,run1,payload_in_rpcmem-cached,payload-in rpcmem-cached,597.303
192,results/fastrpc_overhead_current_cloud2_chunks/20260530_122335_hqc192,run1,payload_out_rpcmem-cached,payload-out rpcmem-cached,554.375
192,results/fastrpc_overhead_current_cloud2_chunks/20260530_122335_hqc192,run1,payload_inout_rpcmem-cached,payload-inout rpcmem-cached,597.689
192,results/fastrpc_overhead_current_cloud2_chunks/20260530_122335_hqc192,run1,payload_in_rpcmem-uncached,payload-in rpcmem-uncached,614.793
192,results/fastrpc_overhead_current_cloud2_chunks/20260530_122335_hqc192,run1,payload_out_rpcmem-uncached,payload-out rpcmem-uncached,574.171
192,results/fastrpc_overhead_current_cloud2_chunks/20260530_122335_hqc192,run1,payload_inout_rpcmem-uncached,payload-inout rpcmem-uncached,609.23
192,results/fastrpc_overhead_current_cloud2_chunks/20260530_122335_hqc192,run1,decode_one,decode-one,611.016
192,results/fastrpc_overhead_current_cloud2_chunks/20260530_122335_hqc192,run1,bench,bench batched decode,56.077
192,results/fastrpc_overhead_current_cloud2_chunks/20260530_122737_hqc192,run1,open_close,open-close,54661.767
192,results/fastrpc_overhead_current_cloud2_chunks/20260530_122737_hqc192,run1,ping,ping,519.77
192,results/fastrpc_overhead_current_cloud2_chunks/20260530_122737_hqc192,run1,payload_in_malloc,payload-in malloc,587.592
192,results/fastrpc_overhead_current_cloud2_chunks/20260530_122737_hqc192,run1,payload_out_malloc,payload-out malloc,557.731
192,results/fastrpc_overhead_current_cloud2_chunks/20260530_122737_hqc192,run1,payload_inout_malloc,payload-inout malloc,604.106
192,results/fastrpc_overhead_current_cloud2_chunks/20260530_122737_hqc192,run1,payload_in_rpcmem-cached,payload-in rpcmem-cached,591.945
192,results/fastrpc_overhead_current_cloud2_chunks/20260530_122737_hqc192,run1,payload_out_rpcmem-cached,payload-out rpcmem-cached,535.396
192,results/fastrpc_overhead_current_cloud2_chunks/20260530_122737_hqc192,run1,payload_inout_rpcmem-cached,payload-inout rpcmem-cached,545.685
192,results/fastrpc_overhead_current_cloud2_chunks/20260530_122737_hqc192,run1,payload_in_rpcmem-uncached,payload-in rpcmem-uncached,601.492
192,results/fastrpc_overhead_current_cloud2_chunks/20260530_122737_hqc192,run1,payload_out_rpcmem-uncached,payload-out rpcmem-uncached,564.846
192,results/fastrpc_overhead_current_cloud2_chunks/20260530_122737_hqc192,run1,payload_inout_rpcmem-uncached,payload-inout rpcmem-uncached,572.569
192,results/fastrpc_overhead_current_cloud2_chunks/20260530_122737_hqc192,run1,decode_one,decode-one,597.21
192,results/fastrpc_overhead_current_cloud2_chunks/20260530_122737_hqc192,run1,bench,bench batched decode,56.899
192,results/fastrpc_overhead_current_cloud2_chunks/20260530_123236_hqc192,run1,open_close,open-close,53796.888
192,results/fastrpc_overhead_current_cloud2_chunks/20260530_123236_hqc192,run1,ping,ping,518.481
192,results/fastrpc_overhead_current_cloud2_chunks/20260530_123236_hqc192,run1,payload_in_malloc,payload-in malloc,571.244
192,results/fastrpc_overhead_current_cloud2_chunks/20260530_123236_hqc192,run1,payload_out_malloc,payload-out malloc,526.415
192,results/fastrpc_overhead_current_cloud2_chunks/20260530_123236_hqc192,run1,payload_inout_malloc,payload-inout malloc,575.618
192,results/fastrpc_overhead_current_cloud2_chunks/20260530_123236_hqc192,run1,payload_in_rpcmem-cached,payload-in rpcmem-cached,584.564
192,results/fastrpc_overhead_current_cloud2_chunks/20260530_123236_hqc192,run1,payload_out_rpcmem-cached,payload-out rpcmem-cached,539.597
192,results/fastrpc_overhead_current_cloud2_chunks/20260530_123236_hqc192,run1,payload_inout_rpcmem-cached,payload-inout rpcmem-cached,583.049
192,results/fastrpc_overhead_current_cloud2_chunks/20260530_123236_hqc192,run1,payload_in_rpcmem-uncached,payload-in rpcmem-uncached,603.032
192,results/fastrpc_overhead_current_cloud2_chunks/20260530_123236_hqc192,run1,payload_out_rpcmem-uncached,payload-out rpcmem-uncached,559.62
192,results/fastrpc_overhead_current_cloud2_chunks/20260530_123236_hqc192,run1,payload_inout_rpcmem-uncached,payload-inout rpcmem-uncached,601.631
192,results/fastrpc_overhead_current_cloud2_chunks/20260530_123236_hqc192,run1,decode_one,decode-one,606.971
192,results/fastrpc_overhead_current_cloud2_chunks/20260530_123236_hqc192,run1,bench,bench batched decode,56.091
192,results/fastrpc_overhead_current_cloud2_chunks/20260530_123632_hqc192,run1,open_close,open-close,54791.476
192,results/fastrpc_overhead_current_cloud2_chunks/20260530_123632_hqc192,run1,ping,ping,532.564
192,results/fastrpc_overhead_current_cloud2_chunks/20260530_123632_hqc192,run1,payload_in_malloc,payload-in malloc,599.534
192,results/fastrpc_overhead_current_cloud2_chunks/20260530_123632_hqc192,run1,payload_out_malloc,payload-out malloc,550.579
192,results/fastrpc_overhead_current_cloud2_chunks/20260530_123632_hqc192,run1,payload_inout_malloc,payload-inout malloc,577.568
192,results/fastrpc_overhead_current_cloud2_chunks/20260530_123632_hqc192,run1,payload_in_rpcmem-cached,payload-in rpcmem-cached,591.851
192,results/fastrpc_overhead_current_cloud2_chunks/20260530_123632_hqc192,run1,payload_out_rpcmem-cached,payload-out rpcmem-cached,521.354
192,results/fastrpc_overhead_current_cloud2_chunks/20260530_123632_hqc192,run1,payload_inout_rpcmem-cached,payload-inout rpcmem-cached,587.129
192,results/fastrpc_overhead_current_cloud2_chunks/20260530_123632_hqc192,run1,payload_in_rpcmem-uncached,payload-in rpcmem-uncached,557.628
192,results/fastrpc_overhead_current_cloud2_chunks/20260530_123632_hqc192,run1,payload_out_rpcmem-uncached,payload-out rpcmem-uncached,520.318
192,results/fastrpc_overhead_current_cloud2_chunks/20260530_123632_hqc192,run1,payload_inout_rpcmem-uncached,payload-inout rpcmem-uncached,593.729
192,results/fastrpc_overhead_current_cloud2_chunks/20260530_123632_hqc192,run1,decode_one,decode-one,597.919
192,results/fastrpc_overhead_current_cloud2_chunks/20260530_123632_hqc192,run1,bench,bench batched decode,55.911
192,results/fastrpc_overhead_current_cloud2_chunks/20260530_124031_hqc192,run1,open_close,open-close,56482.414
192,results/fastrpc_overhead_current_cloud2_chunks/20260530_124031_hqc192,run1,ping,ping,529.848
192,results/fastrpc_overhead_current_cloud2_chunks/20260530_124031_hqc192,run1,payload_in_malloc,payload-in malloc,555.461
192,results/fastrpc_overhead_current_cloud2_chunks/20260530_124031_hqc192,run1,payload_out_malloc,payload-out malloc,530.207
192,results/fastrpc_overhead_current_cloud2_chunks/20260530_124031_hqc192,run1,payload_inout_malloc,payload-inout malloc,592.205
192,results/fastrpc_overhead_current_cloud2_chunks/20260530_124031_hqc192,run1,payload_in_rpcmem-cached,payload-in rpcmem-cached,572.003
192,results/fastrpc_overhead_current_cloud2_chunks/20260530_124031_hqc192,run1,payload_out_rpcmem-cached,payload-out rpcmem-cached,561.5
192,results/fastrpc_overhead_current_cloud2_chunks/20260530_124031_hqc192,run1,payload_inout_rpcmem-cached,payload-inout rpcmem-cached,596.016
192,results/fastrpc_overhead_current_cloud2_chunks/20260530_124031_hqc192,run1,payload_in_rpcmem-uncached,payload-in rpcmem-uncached,590.514
192,results/fastrpc_overhead_current_cloud2_chunks/20260530_124031_hqc192,run1,payload_out_rpcmem-uncached,payload-out rpcmem-uncached,565.3
192,results/fastrpc_overhead_current_cloud2_chunks/20260530_124031_hqc192,run1,payload_inout_rpcmem-uncached,payload-inout rpcmem-uncached,591.847
192,results/fastrpc_overhead_current_cloud2_chunks/20260530_124031_hqc192,run1,decode_one,decode-one,607.887
192,results/fastrpc_overhead_current_cloud2_chunks/20260530_124031_hqc192,run1,bench,bench batched decode,56.194
256,results/fastrpc_overhead_current_cloud2_chunks/20260530_122527_hqc256,run1,open_close,open-close,55834.624
256,results/fastrpc_overhead_current_cloud2_chunks/20260530_122527_hqc256,run1,ping,ping,556.468
256,results/fastrpc_overhead_current_cloud2_chunks/20260530_122527_hqc256,run1,payload_in_malloc,payload-in malloc,614.39
256,results/fastrpc_overhead_current_cloud2_chunks/20260530_122527_hqc256,run1,payload_out_malloc,payload-out malloc,563.111
256,results/fastrpc_overhead_current_cloud2_chunks/20260530_122527_hqc256,run1,payload_inout_malloc,payload-inout malloc,598.944
256,results/fastrpc_overhead_current_cloud2_chunks/20260530_122527_hqc256,run1,payload_in_rpcmem-cached,payload-in rpcmem-cached,589.711
256,results/fastrpc_overhead_current_cloud2_chunks/20260530_122527_hqc256,run1,payload_out_rpcmem-cached,payload-out rpcmem-cached,548.846
256,results/fastrpc_overhead_current_cloud2_chunks/20260530_122527_hqc256,run1,payload_inout_rpcmem-cached,payload-inout rpcmem-cached,613.356
256,results/fastrpc_overhead_current_cloud2_chunks/20260530_122527_hqc256,run1,payload_in_rpcmem-uncached,payload-in rpcmem-uncached,618.448
256,results/fastrpc_overhead_current_cloud2_chunks/20260530_122527_hqc256,run1,payload_out_rpcmem-uncached,payload-out rpcmem-uncached,566.721
256,results/fastrpc_overhead_current_cloud2_chunks/20260530_122527_hqc256,run1,payload_inout_rpcmem-uncached,payload-inout rpcmem-uncached,618.676
256,results/fastrpc_overhead_current_cloud2_chunks/20260530_122527_hqc256,run1,decode_one,decode-one,652.917
256,results/fastrpc_overhead_current_cloud2_chunks/20260530_122527_hqc256,run1,bench,bench batched decode,116.214
256,results/fastrpc_overhead_current_cloud2_chunks/20260530_122927_hqc256,run1,open_close,open-close,57698.464
256,results/fastrpc_overhead_current_cloud2_chunks/20260530_122927_hqc256,run1,ping,ping,518.404
256,results/fastrpc_overhead_current_cloud2_chunks/20260530_122927_hqc256,run1,payload_in_malloc,payload-in malloc,606.341
256,results/fastrpc_overhead_current_cloud2_chunks/20260530_122927_hqc256,run1,payload_out_malloc,payload-out malloc,557.551
256,results/fastrpc_overhead_current_cloud2_chunks/20260530_122927_hqc256,run1,payload_inout_malloc,payload-inout malloc,615.441
256,results/fastrpc_overhead_current_cloud2_chunks/20260530_122927_hqc256,run1,payload_in_rpcmem-cached,payload-in rpcmem-cached,599.621
256,results/fastrpc_overhead_current_cloud2_chunks/20260530_122927_hqc256,run1,payload_out_rpcmem-cached,payload-out rpcmem-cached,559.508
256,results/fastrpc_overhead_current_cloud2_chunks/20260530_122927_hqc256,run1,payload_inout_rpcmem-cached,payload-inout rpcmem-cached,578.184
256,results/fastrpc_overhead_current_cloud2_chunks/20260530_122927_hqc256,run1,payload_in_rpcmem-uncached,payload-in rpcmem-uncached,577.858
256,results/fastrpc_overhead_current_cloud2_chunks/20260530_122927_hqc256,run1,payload_out_rpcmem-uncached,payload-out rpcmem-uncached,534.763
256,results/fastrpc_overhead_current_cloud2_chunks/20260530_122927_hqc256,run1,payload_inout_rpcmem-uncached,payload-inout rpcmem-uncached,608.762
256,results/fastrpc_overhead_current_cloud2_chunks/20260530_122927_hqc256,run1,decode_one,decode-one,627.041
256,results/fastrpc_overhead_current_cloud2_chunks/20260530_122927_hqc256,run1,bench,bench batched decode,116.074
256,results/fastrpc_overhead_current_cloud2_chunks/20260530_123426_hqc256,run1,open_close,open-close,57482.979
256,results/fastrpc_overhead_current_cloud2_chunks/20260530_123426_hqc256,run1,ping,ping,538.553
256,results/fastrpc_overhead_current_cloud2_chunks/20260530_123426_hqc256,run1,payload_in_malloc,payload-in malloc,624.41
256,results/fastrpc_overhead_current_cloud2_chunks/20260530_123426_hqc256,run1,payload_out_malloc,payload-out malloc,556.872
256,results/fastrpc_overhead_current_cloud2_chunks/20260530_123426_hqc256,run1,payload_inout_malloc,payload-inout malloc,609.564
256,results/fastrpc_overhead_current_cloud2_chunks/20260530_123426_hqc256,run1,payload_in_rpcmem-cached,payload-in rpcmem-cached,611.15
256,results/fastrpc_overhead_current_cloud2_chunks/20260530_123426_hqc256,run1,payload_out_rpcmem-cached,payload-out rpcmem-cached,556.766
256,results/fastrpc_overhead_current_cloud2_chunks/20260530_123426_hqc256,run1,payload_inout_rpcmem-cached,payload-inout rpcmem-cached,610.584
256,results/fastrpc_overhead_current_cloud2_chunks/20260530_123426_hqc256,run1,payload_in_rpcmem-uncached,payload-in rpcmem-uncached,575.908
256,results/fastrpc_overhead_current_cloud2_chunks/20260530_123426_hqc256,run1,payload_out_rpcmem-uncached,payload-out rpcmem-uncached,542.79
256,results/fastrpc_overhead_current_cloud2_chunks/20260530_123426_hqc256,run1,payload_inout_rpcmem-uncached,payload-inout rpcmem-uncached,574.721
256,results/fastrpc_overhead_current_cloud2_chunks/20260530_123426_hqc256,run1,decode_one,decode-one,624.284
256,results/fastrpc_overhead_current_cloud2_chunks/20260530_123426_hqc256,run1,bench,bench batched decode,116.259
256,results/fastrpc_overhead_current_cloud2_chunks/20260530_123822_hqc256,run1,open_close,open-close,58657.73
256,results/fastrpc_overhead_current_cloud2_chunks/20260530_123822_hqc256,run1,ping,ping,539.582
256,results/fastrpc_overhead_current_cloud2_chunks/20260530_123822_hqc256,run1,payload_in_malloc,payload-in malloc,618.377
256,results/fastrpc_overhead_current_cloud2_chunks/20260530_123822_hqc256,run1,payload_out_malloc,payload-out malloc,526.026
256,results/fastrpc_overhead_current_cloud2_chunks/20260530_123822_hqc256,run1,payload_inout_malloc,payload-inout malloc,568.333
256,results/fastrpc_overhead_current_cloud2_chunks/20260530_123822_hqc256,run1,payload_in_rpcmem-cached,payload-in rpcmem-cached,586.824
256,results/fastrpc_overhead_current_cloud2_chunks/20260530_123822_hqc256,run1,payload_out_rpcmem-cached,payload-out rpcmem-cached,532.168
256,results/fastrpc_overhead_current_cloud2_chunks/20260530_123822_hqc256,run1,payload_inout_rpcmem-cached,payload-inout rpcmem-cached,593.841
256,results/fastrpc_overhead_current_cloud2_chunks/20260530_123822_hqc256,run1,payload_in_rpcmem-uncached,payload-in rpcmem-uncached,565.055
256,results/fastrpc_overhead_current_cloud2_chunks/20260530_123822_hqc256,run1,payload_out_rpcmem-uncached,payload-out rpcmem-uncached,549.392
256,results/fastrpc_overhead_current_cloud2_chunks/20260530_123822_hqc256,run1,payload_inout_rpcmem-uncached,payload-inout rpcmem-uncached,599.126
256,results/fastrpc_overhead_current_cloud2_chunks/20260530_123822_hqc256,run1,decode_one,decode-one,622.363
256,results/fastrpc_overhead_current_cloud2_chunks/20260530_123822_hqc256,run1,bench,bench batched decode,115.945
256,results/fastrpc_overhead_current_cloud2_chunks/20260530_124222_hqc256,run1,open_close,open-close,57256.867
256,results/fastrpc_overhead_current_cloud2_chunks/20260530_124222_hqc256,run1,ping,ping,525.533
256,results/fastrpc_overhead_current_cloud2_chunks/20260530_124222_hqc256,run1,payload_in_malloc,payload-in malloc,586.31
256,results/fastrpc_overhead_current_cloud2_chunks/20260530_124222_hqc256,run1,payload_out_malloc,payload-out malloc,538.921
256,results/fastrpc_overhead_current_cloud2_chunks/20260530_124222_hqc256,run1,payload_inout_malloc,payload-inout malloc,583.938
256,results/fastrpc_overhead_current_cloud2_chunks/20260530_124222_hqc256,run1,payload_in_rpcmem-cached,payload-in rpcmem-cached,583.676
256,results/fastrpc_overhead_current_cloud2_chunks/20260530_124222_hqc256,run1,payload_out_rpcmem-cached,payload-out rpcmem-cached,530.447
256,results/fastrpc_overhead_current_cloud2_chunks/20260530_124222_hqc256,run1,payload_inout_rpcmem-cached,payload-inout rpcmem-cached,566.891
256,results/fastrpc_overhead_current_cloud2_chunks/20260530_124222_hqc256,run1,payload_in_rpcmem-uncached,payload-in rpcmem-uncached,585.872
256,results/fastrpc_overhead_current_cloud2_chunks/20260530_124222_hqc256,run1,payload_out_rpcmem-uncached,payload-out rpcmem-uncached,545.411
256,results/fastrpc_overhead_current_cloud2_chunks/20260530_124222_hqc256,run1,payload_inout_rpcmem-uncached,payload-inout rpcmem-uncached,593.39
256,results/fastrpc_overhead_current_cloud2_chunks/20260530_124222_hqc256,run1,decode_one,decode-one,621.376
256,results/fastrpc_overhead_current_cloud2_chunks/20260530_124222_hqc256,run1,bench,bench batched decode,116.029
